run_id,decision_log_linked,metadata_file,metadata_sha256,metadata_status,metadata_parse_error,scores_csv,trajectories_csv,failures_csv_rows,file_count
20261001T102511_lizard_v2_connectivity_seed20260930,false,,,missing_metadata,,false,false,,0
20261001T102540_lizard_v2_connectivity_seed20260930,false,metadata.toml,513758c98fee7c7c194cf8c3d76bb7dfa1db6d2d8e1311f4702f15a4f17a31fb,unspecified,,true,true,,3
20261001T103104_lizard_v2_connectivity_seed20260930,false,metadata.toml,36f3ae1827f0202bce913a7d5353bdb5b6fb78232ea1cb8b06a18aa4e25b2298,unspecified,,true,true,,3
20261001T112320_owen_coverage_audit,false,metadata.json,508b2b0821e0e7a0c96d8c00b8cef868249fda10bbcdda6996fd5c8b441d6a1f,unspecified,,false,false,,4
20261001T112847_lizard_domain_gate,false,metadata.toml,96657d03627d73e4c4e6e1c6c888091dd7bfff084e815a05fc1a76a03c09cf64,exploratory_not_promoted,,true,true,0,7
20261001T113401_lizard_domain_gate,true,metadata.toml,e4804222afde6384ee5ea0531cafb3ab909eb26ea26acfcdeed06294636017c1,exploratory_not_promoted,,true,true,0,7
20261001T114942_owen_coverage_audit,false,metadata.json,db0b6b679fccf9967ad2aa55b7496f72f05fd519eb17affa481efe05838377e3,unspecified,,false,false,,4
20261001T115318_owen_coverage_audit,false,metadata.json,7fc6d04838c9e982905b54bf991080b235bb78189fbe4f4ebe4253956abc548e,unspecified,,false,false,,4
20261001T132602_lizard_peak_mechanism_replay,false,metadata.toml,95e3bb8086873ce7e1feb108512ac4559d86bcfcc50346ef3ca59b0b7dab2d3a,exploratory_not_promoted,,true,true,0,5
20261001T133241_lizard_stage_survival_screen,false,metadata.toml,87482318a5d46894ac0d5d455bc5c40d958dad7648b66f9c4112c74ba50ba7a5,exploratory_not_promoted,,true,true,0,5
20261001T151739_owen_flux_audit,false,,,missing_metadata,,false,false,,1
20261001T160000_ltmp_coral_mapping_audit,false,metadata.json,78f859ce8e5d022de030c4fbf593c360b2e03a45a7ca55229cb4d8aec4343973,diagnostic_only,,false,false,,5
20261001T160000_owen_embedded_mortality_screen,false,,,missing_metadata,,false,false,,0
20261001T161000_owen_embedded_mortality_screen,false,,,missing_metadata,,false,false,,0
20261001T161000_owen_flux_audit,false,,,missing_metadata,,false,false,,1
20261001T162000_owen_embedded_mortality_screen,true,metadata.toml,5f47d610d44ea3a481a455159d281519d9906873aafc7551754eac3fa0a7d548,exploratory_not_promoted,,true,true,0,5
20261001T162000_owen_flux_audit,false,metadata.toml,fbff38a81b2c8e820bb1a10e053c79d468fed7b5f178d0c5281c95318a9fc2ec,pass,,false,false,,3
20261001T163000_ltmp_coral_mapping_audit,false,metadata.json,878659328de62612d2d31ce0f041ac3ba041448a6516fc64e4dc0f18cf1ed083,diagnostic_only,,false,false,,5
20261001T163000_owen_embedded_replicates,false,metadata.toml,64f033f9591fcce9472ac005e9f51c55ad591e22babc65faa4b5c1d705e72dc6,replicated_exploratory_not_promoted,,true,true,0,5
20261001T163000_owen_flux_audit,false,metadata.toml,2d1f2f49792aad7cdc0d1f14c2bdaf8e4bf7df7683de3f9ed81710c2715fe33a,pass,,false,false,,3
20261001T170000_owen_flux_audit,false,metadata.toml,2ac5b5f1f7d3fc58ef31ad58dea3cf610bc37fe94a2e5a86704745c6285bde87,pass,,false,false,,3
20261001T171000_ltmp_coral_mapping_audit,false,metadata.json,ac0cf02615316ccc2b2e3cac1a43f46c4863b9aacd07b37d9bcd5556800f3890,diagnostic_only,,false,false,,5
20261001T172000_ltmp_coral_mapping_audit,false,metadata.json,a3f9567b2e51013e214da1cab4a25109ad93dfbf6b4a3d1cdbf821d87179bde5,diagnostic_only,,false,false,,5
20261002T090000_owen_boundary_shutdown,false,metadata.toml,061a7a6260a34e69ddab42e836a4e85ef9301dc7f83ce35286e4c880926c6326,oracle_counterfactual_not_promoted,,true,true,,4
20261002T094000_owen_crash_parameter_screen,true,metadata.toml,8fb100600657128f801baad0b292fc19543fada3f6dd1d02d3d0e124333fed2e,bounded_existing_parameter_screen_not_promoted,,true,true,0,5
20261002T113000_owen_recruitment_blackout,false,,,missing_metadata,,true,true,0,4
20261002T120000_owen_recruitment_blackout,true,metadata.toml,d872044d73595cb0731daaf7b7459862a45ea24d067fad0256f343ce60f73d35,oracle_recruitment_blackout_not_promoted,,true,true,0,5
20261002T140000_owen_source_probability_response,true,metadata.json,9425449a3ac55a850deaec5b288a4e272b71dbf1aba37dfa6a7f325680f9da97,offline_counterfactual_not_promoted,,false,false,,4
20261002T150000_owen_food_survival_screen,true,metadata.toml,757f962d5fc763e54e8d8302fee01278061cb6a3c932c9f4131c94587eb0dd2d,bounded_food_survival_screen_not_promoted,,true,true,0,5
20261002T160100_owen_source_condition_proxy,false,metadata.json,6bf8e96ecdd8d4c02273d6a708c580f306e81111260351adb1028d0083e5b234,external_source_condition_proxy_counterfactual_not_promoted,,false,false,,3
20261002T170000_owen_source_condition_screen,false,metadata.toml,664c67571b6d9aeaf7bddb2bb9218fcab17ed602a4a35aab76fbcd1c2faf9c7b,external_source_condition_proxy_screen_not_promoted,,true,true,0,5
20261002T180000_owen_fecundity_consumption_screen,true,metadata.toml,a4ccd7277ee9b84b63ee6fc75208e5bd647350ccfcf71f24218147252781dfc9,bounded_fecundity_consumption_screen_not_promoted,,true,true,0,5
20261002T201000_owen_food_trigger_diagnostic,false,metadata.toml,2efc020e20f4f2f55c667f67d6a83bafcfaa41bc019a70f6dd5558673537fb97,diagnostic_only_no_transition_change,,false,false,,3
20261002T210000_owen_low_cover_mortality_screen,true,metadata.toml,6a8be3eb85a232ee4dd0c021a6e095eb66f79fbeb2f91ae75556fbe15c342d16,bounded_low_cover_mortality_screen_not_promoted,,true,true,0,6
20261007T101500_owen_initialization_audit,false,metadata.json,7237e541facd68abebe863672bcb9cb61ba341253f111844df831721088bf314,read_only_initialization_and_owen_source_audit,,false,false,,3
20261007T103000_owen_seed_boundary_screen,true,metadata.json,a0febe8a99e888c784d02475424a5d1f2211ad18e69e127fbf535bae636fa27c,completed_bounded_diagnostic_not_promoted,,true,true,0,6
20261007T199100_1991_initial_surfaces,false,metadata.json,3a75641f69d19485a840a5d89a3c9df1139006b4424aefb2bc1b234dc7091b8a,experimental_not_promoted,,false,false,,5
20261007T199101_1991_initial_surfaces,false,metadata.json,4905a9a138ff08370c9009b72e695b7b20603054c0aad3fa445295d004e8d59f,experimental_not_promoted,,false,false,,5
20261007T199102_1991_initial_surfaces,false,metadata.json,3548625bb0366514628a58dbbd748609c25c1a3fdb73edc1e3fb5e4991beef61,experimental_not_promoted,,false,false,,5
20261007T199104_1991_initial_surfaces,false,metadata.json,029c6bae261b85d3c2432554a88bd0e5c6715f68ff4e309ee14e58b4d5376655,experimental_not_promoted,,false,false,,7
20261007T199105_owen_1991_initialization,true,metadata.toml,233126ac7c062bde05fe6f830e4939bc9dc725d3a0bf5ecc1eed7948b1bae6c8,bounded_1991_initialization_screen_not_promoted,,true,true,0,14
20261007T199106_legacy_replay,false,metadata.toml,7e863726f69c4d2f1d918be36d1c29e416c626105a6a84308490a89a30f65651,bounded_seed_boundary_screen_not_promoted,,true,true,0,6
20261007T199107_owen_1991_cohort_history,true,metadata.toml,5ee336f230841b08adfd70318e9fd7136702fc34fc4bc8e3aff03854918c3218,bounded_1991_cohort_history_screen_not_promoted,,true,true,0,14
20261007T199108_owen_1991_cohort_history_corrected,false,metadata.toml,b0a85558042dc3ffdc5b3153f99021f96a875006375d1d3d39b1eb9f914b72a2,bounded_1991_cohort_history_screen_not_promoted,,true,true,0,14
20261007T199109_owen_1991_gap_grazing,true,metadata.toml,3351696224d64244054fde073e1c0980342ddf4032618a3a4f149bb22d32dba4,bounded_1991_gap_grazing_screen_not_promoted,,true,true,0,11
20261007T199110_conversion_overlap,false,metadata.json,265800d7c4f2c7576b1b63f2e20860868ab4d74fdbf40633425150143196b882,overlap_audit_only_no_conversion_fitted,,false,false,,2
20261007T199111_owen_1991_cohort_history_final,true,metadata.toml,a7e61dd7b4e0b79d52d82e50d2367fc82f0e1e190c6337cfc9aaddf576bf9400,bounded_1991_cohort_history_screen_not_promoted,,true,true,0,14
20261007T199112_salad_stage_sizes,false,metadata.json,21d3517fb8302bbb752fc8d9c09d81af1ed16bbef85a7fcdd1df3934f9a4b3f3,stage_size_audit_only_no_density_conversion_fitted,,false,false,,2
20261007T199113_salad_manta_spatial_overlap,false,metadata.json,28731ba80d6fc5d457f15025d767e63480c065d6875c678d3ffdf0a7eddd2540,spatiotemporal_screen_only_no_conversion_fitted,,false,false,,2
20261007T199114_salad_manta_spatial_overlap_strict,false,metadata.json,424578a99bf9c974e2256027e01911565816ed632bfe9f16ac660328fc5865e3,spatiotemporal_screen_only_no_conversion_fitted,,false,false,,2
20261007T199115_salad_manta_spatial_overlap_final,false,metadata.json,4a1528ff3bc51a6dd4c609699a75aeebcd9e29ce01c72460122e6be52b30ff82,spatiotemporal_screen_only_no_conversion_fitted,,false,false,,2
20261007T199116_salad_manta_spatial_overlap_strict_final,false,metadata.json,612aeeed788c98039ff6dff04881f3d6b1584e5ea9c98d8b07be82fd92d1e1d4,spatiotemporal_screen_only_no_conversion_fitted,,false,false,,2
20261008T_crash_factorial_1991_v1,true,metadata.toml,d6baae30ef6d68c072c5a68b51349c6d9dbdf8322494709397dd214bce748eb4,bounded_1991_crash_factorial_screen_not_promoted,,true,true,0,11
20261008T_lagged_hazard_1991_v1,true,metadata.toml,ea9596b22f62cc7ebd5ffeb77cb74f1fdd3c14d4795b068d77149a6ba40fa734,bounded_1991_lagged_hazard_screen_not_promoted,,true,true,0,14
20261008Tcycle_capacity_24pairs,true,,,missing_metadata,,true,true,0,36
20261008Tcycle_capacity_smoke,false,metadata.toml,d46313541f173a89361eab5c937dd8de25c24c01cfe866ac80eecaf7d233f307,paired_capacity_screen_not_promoted,,true,true,0,10
20261008Tsalad_adult150_sizes,false,metadata.json,a186b7dd6c53918707c00357554b3c7082ff0df750e201fdcb58392068734fb3,stage_size_audit_only_no_density_conversion_fitted,,false,false,,2
20261008Tsalad_adult150_sizes_checked,false,metadata.json,9ed25f8a01c47cd7d082ce7fb98b460c78e05224285cd0c6e8f87b1042ee40a4,stage_size_audit_only_no_density_conversion_fitted,,false,false,,2
20261008Tsize_weighted_pair020,false,,,missing_metadata,,false,false,,1
20261008Tsize_weighted_pair020_v2,true,metadata.toml,5bd2cddc6b091702e0b2a45ef0e2075c58ff85d07458ae66ca3594d53ef88b0e,opt_in_size_weighted_qualitative_screen_not_promoted,,true,true,0,10
20261009T_cohort_audit_1991_v1,true,metadata.toml,2171de80639a1f2cb280ed4514130a43f1edd9fe783993f3f4a8878a446aa869,bounded_1991_cohort_audit_screen_not_promoted,,true,true,0,10
20261009T_structural_crash_1991_v1,true,metadata.toml,ce8ad614eb8d902c990a718cb7ffbcc96363adaba54486db4d16cb7d5564e583,bounded_1991_structural_crash_screen_not_promoted,,true,true,0,11
expanded_cotsconn_pilot_seed20260930,false,,,missing_metadata,,false,false,,13
expanded_peak_pilot_seed20260930,false,,,missing_metadata,,false,false,,4
expanded_pulse_peak_pilot_seed20261001,false,,,missing_metadata,,false,false,,4
peak_amplitude_pilot_v3,false,,,missing_metadata,,false,false,,7
recurrence_mechanism_pilot_seed20260929,false,,,missing_metadata,,false,false,,4
recurrence_mechanism_pilot_v2_seed20260929,false,,,missing_metadata,,false,false,,4
recurrence_mechanism_pilot_v3_seed20260929,true,,,missing_metadata,,false,false,,5
separated_production_evidence_pilot_seed20260929,false,,,missing_metadata,,false,false,,5
separated_production_evidence_pilot_v2_seed20260929,false,,,missing_metadata,,false,false,,5
separated_production_evidence_pilot_v3_seed20260929,false,,,missing_metadata,,false,false,,5
separated_production_evidence_pilot_v4_seed20260929,false,,,missing_metadata,,false,false,,5
